image_id,category
18540.jpg,9
18541.jpg,40
18542.jpg,40
18543.jpg,72
18544.jpg,51
18545.jpg,40
18546.jpg,67
18547.jpg,51
18548.jpg,72
18549.jpg,89
18550.jpg,63
18551.jpg,86
18552.jpg,89
18553.jpg,63
18554.jpg,42
18555.jpg,9
18556.jpg,10
18557.jpg,10
18558.jpg,42
18559.jpg,89
18560.jpg,85
18561.jpg,76
18562.jpg,74
18563.jpg,3
18564.jpg,76
18565.jpg,12
18566.jpg,85
18567.jpg,43
18568.jpg,19
18569.jpg,57
18570.jpg,74
18571.jpg,76
18572.jpg,37
18573.jpg,37
18574.jpg,74
18575.jpg,92
18576.jpg,24
18577.jpg,47
18578.jpg,78
18579.jpg,93
18580.jpg,52
18581.jpg,21
18582.jpg,95
18583.jpg,89
18584.jpg,52
18585.jpg,66
18586.jpg,102
18587.jpg,94
18588.jpg,94
18589.jpg,66
18590.jpg,80
18591.jpg,80
18592.jpg,65
18593.jpg,70
18594.jpg,17
18595.jpg,95
18596.jpg,65
18597.jpg,91
18598.jpg,46
18599.jpg,25
18600.jpg,90
18601.jpg,75
18602.jpg,49
18603.jpg,90
18604.jpg,45
18605.jpg,45
18606.jpg,46
18607.jpg,68
18608.jpg,46
18609.jpg,97
18610.jpg,60
18611.jpg,82
18612.jpg,23
18613.jpg,60
18614.jpg,2
18615.jpg,23
18616.jpg,82
18617.jpg,2
18618.jpg,60
18619.jpg,60
18620.jpg,97
18621.jpg,82
18622.jpg,46
18623.jpg,45
18624.jpg,45
18625.jpg,90
18626.jpg,49
18627.jpg,25
18628.jpg,46
18629.jpg,75
18630.jpg,90
18631.jpg,95
18632.jpg,91
18633.jpg,65
18634.jpg,65
18635.jpg,95
18636.jpg,17
18637.jpg,70
18638.jpg,80
18639.jpg,80
18640.jpg,66
18641.jpg,94
18642.jpg,94
18643.jpg,102
18644.jpg,66
18645.jpg,52
18646.jpg,89
18647.jpg,93
18648.jpg,95
18649.jpg,21
18650.jpg,52
18651.jpg,78
18652.jpg,47
18653.jpg,24
18654.jpg,74
18655.jpg,37
18656.jpg,92
18657.jpg,57
18658.jpg,19
18659.jpg,37
18660.jpg,76
18661.jpg,74
18662.jpg,12
18663.jpg,4
18664.jpg,74
18665.jpg,43
18666.jpg,85
18667.jpg,85
18668.jpg,76
18669.jpg,42
18670.jpg,10
18671.jpg,89
18672.jpg,89
18673.jpg,10
18674.jpg,33
18675.jpg,42
18676.jpg,63
18677.jpg,86
18678.jpg,89
18679.jpg,67
18680.jpg,40
18681.jpg,72
18682.jpg,51
18683.jpg,51
18684.jpg,72
18685.jpg,67
18686.jpg,40
18687.jpg,9
18688.jpg,40
18689.jpg,40
18690.jpg,40
18691.jpg,9
18692.jpg,77
18693.jpg,81
18694.jpg,58
18695.jpg,77
18696.jpg,51
18697.jpg,81
18698.jpg,72
18699.jpg,67
18700.jpg,67
18701.jpg,72
18702.jpg,58
18703.jpg,51
18704.jpg,89
18705.jpg,10
18706.jpg,42
18707.jpg,42
18708.jpg,89
18709.jpg,43
18710.jpg,3
18711.jpg,12
18712.jpg,76
18713.jpg,82
18714.jpg,62
18715.jpg,85
18716.jpg,92
18717.jpg,43
18718.jpg,37
18719.jpg,74
18720.jpg,74
18721.jpg,37
18722.jpg,57
18723.jpg,49
18724.jpg,47
18725.jpg,94
18726.jpg,52
18727.jpg,52
18728.jpg,21
18729.jpg,93
18730.jpg,94
18731.jpg,66
18732.jpg,66
18733.jpg,48
18734.jpg,94
18735.jpg,102
18736.jpg,80
18737.jpg,80
18738.jpg,91
18739.jpg,95
18740.jpg,70
18741.jpg,95
18742.jpg,65
18743.jpg,81
18744.jpg,49
18745.jpg,90
18746.jpg,90
18747.jpg,23
18748.jpg,75
18749.jpg,46
18750.jpg,25
18751.jpg,100
18752.jpg,45
18753.jpg,46
18754.jpg,46
18755.jpg,68
18756.jpg,60
18757.jpg,2
18758.jpg,82
18759.jpg,23
18760.jpg,75
18761.jpg,97
18762.jpg,60
18763.jpg,75
18764.jpg,60
18765.jpg,97
18766.jpg,2
18767.jpg,60
18768.jpg,23
18769.jpg,82
18770.jpg,68
18771.jpg,46
18772.jpg,46
18773.jpg,100
18774.jpg,45
18775.jpg,75
18776.jpg,23
18777.jpg,90
18778.jpg,25
18779.jpg,46
18780.jpg,81
18781.jpg,90
18782.jpg,49
18783.jpg,95
18784.jpg,70
18785.jpg,65
18786.jpg,91
18787.jpg,65
18788.jpg,95
18789.jpg,80
18790.jpg,80
18791.jpg,102
18792.jpg,94
18793.jpg,48
18794.jpg,66
18795.jpg,66
18796.jpg,94
18797.jpg,21
18798.jpg,52
18799.jpg,93
18800.jpg,94
18801.jpg,52
18802.jpg,47
18803.jpg,49
18804.jpg,37
18805.jpg,74
18806.jpg,57
18807.jpg,43
18808.jpg,92
18809.jpg,74
18810.jpg,37
18811.jpg,76
18812.jpg,85
18813.jpg,62
18814.jpg,82
18815.jpg,12
18816.jpg,3
18817.jpg,10
18818.jpg,42
18819.jpg,89
18820.jpg,89
18821.jpg,42
18822.jpg,10
18823.jpg,67
18824.jpg,51
18825.jpg,58
18826.jpg,72
18827.jpg,72
18828.jpg,81
18829.jpg,51
18830.jpg,77
18831.jpg,67
18832.jpg,58
18833.jpg,9
18834.jpg,77
18835.jpg,69
18836.jpg,4
18837.jpg,15
18838.jpg,51
18839.jpg,72
18840.jpg,58
18841.jpg,51
18842.jpg,77
18843.jpg,81
18844.jpg,40
18845.jpg,51
18846.jpg,58
18847.jpg,10
18848.jpg,89
18849.jpg,89
18850.jpg,42
18851.jpg,100
18852.jpg,37
18853.jpg,74
18854.jpg,92
18855.jpg,43
18856.jpg,57
18857.jpg,74
18858.jpg,12
18859.jpg,37
18860.jpg,12
18861.jpg,62
18862.jpg,85
18863.jpg,76
18864.jpg,12
18865.jpg,74
18866.jpg,47
18867.jpg,94
18868.jpg,48
18869.jpg,92
18870.jpg,94
18871.jpg,102
18872.jpg,52
18873.jpg,94
18874.jpg,93
18875.jpg,52
18876.jpg,70
18877.jpg,95
18878.jpg,65
18879.jpg,91
18880.jpg,65
18881.jpg,70
18882.jpg,95
18883.jpg,80
18884.jpg,45
18885.jpg,46
18886.jpg,49
18887.jpg,23
18888.jpg,90
18889.jpg,46
18890.jpg,25
18891.jpg,81
18892.jpg,101
18893.jpg,75
18894.jpg,82
18895.jpg,23
18896.jpg,60
18897.jpg,2
18898.jpg,97
18899.jpg,97
18900.jpg,60
18901.jpg,82
18902.jpg,68
18903.jpg,46
18904.jpg,46
18905.jpg,68
18906.jpg,46
18907.jpg,68
18908.jpg,68
18909.jpg,46
18910.jpg,60
18911.jpg,97
18912.jpg,82
18913.jpg,23
18914.jpg,82
18915.jpg,97
18916.jpg,2
18917.jpg,60
18918.jpg,81
18919.jpg,25
18920.jpg,46
18921.jpg,75
18922.jpg,90
18923.jpg,90
18924.jpg,23
18925.jpg,49
18926.jpg,45
18927.jpg,46
18928.jpg,80
18929.jpg,80
18930.jpg,65
18931.jpg,95
18932.jpg,70
18933.jpg,95
18934.jpg,91
18935.jpg,65
18936.jpg,93
18937.jpg,94
18938.jpg,70
18939.jpg,52
18940.jpg,52
18941.jpg,102
18942.jpg,94
18943.jpg,66
18944.jpg,48
18945.jpg,66
18946.jpg,80
18947.jpg,94
18948.jpg,47
18949.jpg,24
18950.jpg,74
18951.jpg,85
18952.jpg,12
18953.jpg,76
18954.jpg,12
18955.jpg,3
18956.jpg,62
18957.jpg,57
18958.jpg,43
18959.jpg,37
18960.jpg,12
18961.jpg,74
18962.jpg,74
18963.jpg,37
18964.jpg,92
18965.jpg,100
18966.jpg,89
18967.jpg,42
18968.jpg,10
18969.jpg,89
18970.jpg,58
18971.jpg,51
18972.jpg,40
18973.jpg,81
18974.jpg,77
18975.jpg,51
18976.jpg,15
18977.jpg,4
18978.jpg,58
18979.jpg,72
18980.jpg,51
18981.jpg,77
18982.jpg,51
18983.jpg,51
18984.jpg,72
18985.jpg,58
18986.jpg,40
18987.jpg,42
18988.jpg,89
18989.jpg,89
18990.jpg,63
18991.jpg,100
18992.jpg,89
18993.jpg,74
18994.jpg,37
18995.jpg,57
18996.jpg,19
18997.jpg,92
18998.jpg,76
18999.jpg,37
19000.jpg,76
19001.jpg,12
19002.jpg,74
19003.jpg,85
19004.jpg,87
19005.jpg,3
19006.jpg,12
19007.jpg,24
19008.jpg,78
19009.jpg,74
19010.jpg,52
19011.jpg,102
19012.jpg,94
19013.jpg,102
19014.jpg,94
19015.jpg,66
19016.jpg,52
19017.jpg,21
19018.jpg,93
19019.jpg,80
19020.jpg,52
19021.jpg,70
19022.jpg,95
19023.jpg,65
19024.jpg,65
19025.jpg,91
19026.jpg,95
19027.jpg,70
19028.jpg,17
19029.jpg,35
19030.jpg,80
19031.jpg,90
19032.jpg,75
19033.jpg,46
19034.jpg,25
19035.jpg,46
19036.jpg,49
19037.jpg,90
19038.jpg,82
19039.jpg,97
19040.jpg,60
19041.jpg,2
19042.jpg,60
19043.jpg,2
19044.jpg,97
19045.jpg,82
19046.jpg,23
19047.jpg,68
19048.jpg,46
19049.jpg,46
19050.jpg,68
19051.jpg,60
19052.jpg,46
19053.jpg,68
19054.jpg,68
19055.jpg,46
19056.jpg,97
19057.jpg,2
19058.jpg,60
19059.jpg,23
19060.jpg,82
19061.jpg,82
19062.jpg,2
19063.jpg,60
19064.jpg,83
19065.jpg,46
19066.jpg,90
19067.jpg,49
19068.jpg,75
19069.jpg,90
19070.jpg,25
19071.jpg,46
19072.jpg,80
19073.jpg,35
19074.jpg,91
19075.jpg,65
19076.jpg,17
19077.jpg,70
19078.jpg,95
19079.jpg,95
19080.jpg,70
19081.jpg,65
19082.jpg,52
19083.jpg,95
19084.jpg,52
19085.jpg,93
19086.jpg,66
19087.jpg,94
19088.jpg,52
19089.jpg,94
19090.jpg,102
19091.jpg,74
19092.jpg,24
19093.jpg,78
19094.jpg,12
19095.jpg,3
19096.jpg,74
19097.jpg,12
19098.jpg,76
19099.jpg,87
19100.jpg,85
19101.jpg,92
19102.jpg,19
19103.jpg,37
19104.jpg,76
19105.jpg,37
19106.jpg,74
19107.jpg,57
19108.jpg,89
19109.jpg,100
19110.jpg,89
19111.jpg,63
19112.jpg,42
19113.jpg,89
19114.jpg,40
19115.jpg,58
19116.jpg,9
19117.jpg,72
19118.jpg,51
19119.jpg,67
19120.jpg,77
19121.jpg,51
19122.jpg,50
19123.jpg,77
19124.jpg,51
19125.jpg,98
19126.jpg,18
19127.jpg,50
19128.jpg,4
19129.jpg,51
19130.jpg,102
19131.jpg,18
19132.jpg,58
19133.jpg,5
19134.jpg,77
19135.jpg,51
19136.jpg,98
19137.jpg,38
19138.jpg,44
19139.jpg,26
19140.jpg,8
19141.jpg,41
19142.jpg,55
19143.jpg,64
19144.jpg,55
19145.jpg,92
19146.jpg,31
19147.jpg,22
19148.jpg,88
19149.jpg,88
19150.jpg,29
19151.jpg,83
19152.jpg,11
19153.jpg,88
19154.jpg,96
19155.jpg,27
19156.jpg,41
19157.jpg,73
19158.jpg,83
19159.jpg,41
19160.jpg,84
19161.jpg,79
19162.jpg,46
19163.jpg,28
19164.jpg,83
19165.jpg,53
19166.jpg,34
19167.jpg,32
19168.jpg,91
19169.jpg,73
19170.jpg,73
19171.jpg,64
19172.jpg,32
19173.jpg,56
19174.jpg,96
19175.jpg,56
19176.jpg,13
19177.jpg,59
19178.jpg,56
19179.jpg,36
19180.jpg,13
19181.jpg,69
19182.jpg,60
19183.jpg,38
19184.jpg,60
19185.jpg,38
19186.jpg,71
19187.jpg,69
19188.jpg,36
19189.jpg,56
19190.jpg,13
19191.jpg,13
19192.jpg,59
19193.jpg,56
19194.jpg,96
19195.jpg,56
19196.jpg,32
19197.jpg,64
19198.jpg,73
19199.jpg,34
19200.jpg,73
19201.jpg,91
19202.jpg,32
19203.jpg,53
19204.jpg,28
19205.jpg,53
19206.jpg,83
19207.jpg,41
19208.jpg,83
19209.jpg,79
19210.jpg,84
19211.jpg,84
19212.jpg,73
19213.jpg,41
19214.jpg,11
19215.jpg,27
19216.jpg,96
19217.jpg,88
19218.jpg,29
19219.jpg,88
19220.jpg,83
19221.jpg,88
19222.jpg,22
19223.jpg,31
19224.jpg,92
19225.jpg,55
19226.jpg,16
19227.jpg,64
19228.jpg,55
19229.jpg,26
19230.jpg,41
19231.jpg,8
19232.jpg,8
19233.jpg,44
19234.jpg,38
19235.jpg,98
19236.jpg,51
19237.jpg,77
19238.jpg,4
19239.jpg,5
19240.jpg,58
19241.jpg,18
19242.jpg,51
19243.jpg,18
19244.jpg,98
19245.jpg,51
19246.jpg,77
19247.jpg,50
19248.jpg,50
19249.jpg,50
19250.jpg,77
19251.jpg,50
19252.jpg,33
19253.jpg,51
19254.jpg,98
19255.jpg,51
19256.jpg,5
19257.jpg,4
19258.jpg,38
19259.jpg,8
19260.jpg,44
19261.jpg,55
19262.jpg,64
19263.jpg,31
19264.jpg,22
19265.jpg,92
19266.jpg,20
19267.jpg,88
19268.jpg,96
19269.jpg,27
19270.jpg,78
19271.jpg,20
19272.jpg,88
19273.jpg,84
19274.jpg,41
19275.jpg,41
19276.jpg,11
19277.jpg,84
19278.jpg,53
19279.jpg,84
19280.jpg,20
19281.jpg,14
19282.jpg,83
19283.jpg,53
19284.jpg,28
19285.jpg,73
19286.jpg,32
19287.jpg,55
19288.jpg,32
19289.jpg,91
19290.jpg,73
19291.jpg,34
19292.jpg,44
19293.jpg,56
19294.jpg,30
19295.jpg,56
19296.jpg,13
19297.jpg,59
19298.jpg,13
19299.jpg,69
19300.jpg,50
19301.jpg,99
19302.jpg,60
19303.jpg,50
19304.jpg,60
19305.jpg,99
19306.jpg,69
19307.jpg,59
19308.jpg,13
19309.jpg,13
19310.jpg,59
19311.jpg,56
19312.jpg,44
19313.jpg,30
19314.jpg,56
19315.jpg,73
19316.jpg,91
19317.jpg,32
19318.jpg,55
19319.jpg,34
19320.jpg,32
19321.jpg,73
19322.jpg,83
19323.jpg,28
19324.jpg,53
19325.jpg,84
19326.jpg,53
19327.jpg,14
19328.jpg,20
19329.jpg,11
19330.jpg,41
19331.jpg,84
19332.jpg,84
19333.jpg,41
19334.jpg,83
19335.jpg,88
19336.jpg,27
19337.jpg,96
19338.jpg,88
19339.jpg,11
19340.jpg,78
19341.jpg,20
19342.jpg,92
19343.jpg,37
19344.jpg,22
19345.jpg,31
19346.jpg,57
19347.jpg,64
19348.jpg,55
19349.jpg,44
19350.jpg,8
19351.jpg,38
19352.jpg,5
19353.jpg,51
19354.jpg,4
19355.jpg,76
19356.jpg,51
19357.jpg,33
19358.jpg,50
19359.jpg,50
19360.jpg,18
19361.jpg,77
19362.jpg,51
19363.jpg,98
19364.jpg,4
19365.jpg,51
19366.jpg,5
19367.jpg,77
19368.jpg,39
19369.jpg,50
19370.jpg,50
19371.jpg,101
19372.jpg,8
19373.jpg,44
19374.jpg,8
19375.jpg,38
19376.jpg,57
19377.jpg,31
19378.jpg,22
19379.jpg,37
19380.jpg,22
19381.jpg,55
19382.jpg,54
19383.jpg,64
19384.jpg,88
19385.jpg,27
19386.jpg,79
19387.jpg,88
19388.jpg,78
19389.jpg,53
19390.jpg,53
19391.jpg,28
19392.jpg,14
19393.jpg,83
19394.jpg,41
19395.jpg,84
19396.jpg,41
19397.jpg,73
19398.jpg,34
19399.jpg,91
19400.jpg,32
19401.jpg,73
19402.jpg,73
19403.jpg,59
19404.jpg,59
19405.jpg,56
19406.jpg,6
19407.jpg,56
19408.jpg,32
19409.jpg,60
19410.jpg,38
19411.jpg,69
19412.jpg,69
19413.jpg,69
19414.jpg,69
19415.jpg,60
19416.jpg,38
19417.jpg,6
19418.jpg,30
19419.jpg,59
19420.jpg,56
19421.jpg,56
19422.jpg,13
19423.jpg,59
19424.jpg,59
19425.jpg,73
19426.jpg,34
19427.jpg,73
19428.jpg,91
19429.jpg,73
19430.jpg,41
19431.jpg,41
19432.jpg,84
19433.jpg,53
19434.jpg,14
19435.jpg,94
19436.jpg,53
19437.jpg,88
19438.jpg,79
19439.jpg,78
19440.jpg,96
19441.jpg,27
19442.jpg,88
19443.jpg,64
19444.jpg,54
19445.jpg,55
19446.jpg,57
19447.jpg,37
19448.jpg,22
19449.jpg,31
19450.jpg,38
19451.jpg,8
19452.jpg,44
19453.jpg,101
19454.jpg,8
19455.jpg,50
19456.jpg,77
19457.jpg,50
19458.jpg,39
19459.jpg,4
19460.jpg,5
19461.jpg,51
19462.jpg,98
19463.jpg,51
19464.jpg,51
19465.jpg,77
19466.jpg,5
19467.jpg,4
19468.jpg,18
19469.jpg,5
19470.jpg,51
19471.jpg,98
19472.jpg,50
19473.jpg,50
19474.jpg,77
19475.jpg,44
19476.jpg,8
19477.jpg,41
19478.jpg,8
19479.jpg,22
19480.jpg,16
19481.jpg,31
19482.jpg,22
19483.jpg,37
19484.jpg,57
19485.jpg,64
19486.jpg,7
19487.jpg,55
19488.jpg,88
19489.jpg,29
19490.jpg,88
19491.jpg,27
19492.jpg,88
19493.jpg,83
19494.jpg,53
19495.jpg,28
19496.jpg,1
19497.jpg,53
19498.jpg,94
19499.jpg,41
19500.jpg,83
19501.jpg,28
19502.jpg,84
19503.jpg,41
19504.jpg,91
19505.jpg,73
19506.jpg,34
19507.jpg,73
19508.jpg,59
19509.jpg,36
19510.jpg,61
19511.jpg,59
19512.jpg,56
19513.jpg,56
19514.jpg,38
19515.jpg,71
19516.jpg,69
19517.jpg,69
19518.jpg,71
19519.jpg,38
19520.jpg,56
19521.jpg,56
19522.jpg,13
19523.jpg,59
19524.jpg,36
19525.jpg,59
19526.jpg,61
19527.jpg,73
19528.jpg,73
19529.jpg,34
19530.jpg,84
19531.jpg,41
19532.jpg,73
19533.jpg,83
19534.jpg,41
19535.jpg,28
19536.jpg,53
19537.jpg,1
19538.jpg,94
19539.jpg,83
19540.jpg,28
19541.jpg,53
19542.jpg,88
19543.jpg,27
19544.jpg,88
19545.jpg,88
19546.jpg,55
19547.jpg,64
19548.jpg,37
19549.jpg,22
19550.jpg,31
19551.jpg,57
19552.jpg,16
19553.jpg,22
19554.jpg,8
19555.jpg,41
19556.jpg,8
19557.jpg,44
19558.jpg,50
19559.jpg,77
19560.jpg,50
19561.jpg,98
19562.jpg,51
19563.jpg,5
19564.jpg,18
19565.jpg,5
19566.jpg,77
19567.jpg,51
19568.jpg,4
19569.jpg,77
19570.jpg,33
19571.jpg,18
19572.jpg,77
19573.jpg,51
19574.jpg,4
19575.jpg,39
19576.jpg,50
19577.jpg,98
19578.jpg,39
19579.jpg,101
19580.jpg,26
19581.jpg,101
19582.jpg,41
19583.jpg,22
19584.jpg,37
19585.jpg,31
19586.jpg,57
19587.jpg,43
19588.jpg,16
19589.jpg,7
19590.jpg,54
19591.jpg,88
19592.jpg,29
19593.jpg,78
19594.jpg,78
19595.jpg,29
19596.jpg,79
19597.jpg,20
19598.jpg,88
19599.jpg,84
19600.jpg,1
19601.jpg,14
19602.jpg,53
19603.jpg,41
19604.jpg,83
19605.jpg,73
19606.jpg,73
19607.jpg,83
19608.jpg,11
19609.jpg,28
19610.jpg,17
19611.jpg,73
19612.jpg,61
19613.jpg,36
19614.jpg,44
19615.jpg,30
19616.jpg,96
19617.jpg,96
19618.jpg,56
19619.jpg,30
19620.jpg,8
19621.jpg,6
19622.jpg,71
19623.jpg,99
19624.jpg,71
19625.jpg,69
19626.jpg,7
19627.jpg,69
19628.jpg,71
19629.jpg,71
19630.jpg,99
19631.jpg,72
19632.jpg,96
19633.jpg,6
19634.jpg,8
19635.jpg,44
19636.jpg,30
19637.jpg,36
19638.jpg,61
19639.jpg,73
19640.jpg,17
19641.jpg,11
19642.jpg,83
19643.jpg,73
19644.jpg,28
19645.jpg,73
19646.jpg,83
19647.jpg,41
19648.jpg,53
19649.jpg,1
19650.jpg,43
19651.jpg,14
19652.jpg,20
19653.jpg,88
19654.jpg,88
19655.jpg,78
19656.jpg,79
19657.jpg,29
19658.jpg,29
19659.jpg,88
19660.jpg,78
19661.jpg,54
19662.jpg,7
19663.jpg,54
19664.jpg,16
19665.jpg,31
19666.jpg,37
19667.jpg,22
19668.jpg,43
19669.jpg,57
19670.jpg,101
19671.jpg,26
19672.jpg,41
19673.jpg,101
19674.jpg,39
19675.jpg,39
19676.jpg,98
19677.jpg,51
19678.jpg,77
19679.jpg,4
19680.jpg,18
19681.jpg,77
19682.jpg,33
19683.jpg,77
19684.jpg,33
19685.jpg,77
19686.jpg,18
19687.jpg,5
19688.jpg,39
19689.jpg,5
19690.jpg,98
19691.jpg,8
19692.jpg,41
19693.jpg,101
19694.jpg,101
19695.jpg,16
19696.jpg,43
19697.jpg,54
19698.jpg,54
19699.jpg,7
19700.jpg,29
19701.jpg,79
19702.jpg,78
19703.jpg,78
19704.jpg,27
19705.jpg,29
19706.jpg,88
19707.jpg,20
19708.jpg,88
19709.jpg,14
19710.jpg,1
19711.jpg,28
19712.jpg,73
19713.jpg,83
19714.jpg,11
19715.jpg,83
19716.jpg,73
19717.jpg,17
19718.jpg,73
19719.jpg,73
19720.jpg,61
19721.jpg,59
19722.jpg,86
19723.jpg,36
19724.jpg,56
19725.jpg,61
19726.jpg,8
19727.jpg,6
19728.jpg,96
19729.jpg,30
19730.jpg,30
19731.jpg,44
19732.jpg,6
19733.jpg,71
19734.jpg,38
19735.jpg,71
19736.jpg,69
19737.jpg,71
19738.jpg,38
19739.jpg,71
19740.jpg,30
19741.jpg,6
19742.jpg,44
19743.jpg,6
19744.jpg,8
19745.jpg,30
19746.jpg,96
19747.jpg,56
19748.jpg,61
19749.jpg,61
19750.jpg,36
19751.jpg,59
19752.jpg,73
19753.jpg,73
19754.jpg,17
19755.jpg,73
19756.jpg,83
19757.jpg,11
19758.jpg,28
19759.jpg,11
19760.jpg,83
19761.jpg,73
19762.jpg,14
19763.jpg,1
19764.jpg,88
19765.jpg,88
19766.jpg,20
19767.jpg,78
19768.jpg,29
19769.jpg,79
19770.jpg,29
19771.jpg,78
19772.jpg,7
19773.jpg,54
19774.jpg,54
19775.jpg,43
19776.jpg,16
19777.jpg,101
19778.jpg,41
19779.jpg,8
19780.jpg,101
19781.jpg,98
19782.jpg,51
19783.jpg,39
19784.jpg,5
19785.jpg,5
19786.jpg,18
19787.jpg,33
19788.jpg,77
19789.jpg,77
19790.jpg,18
19791.jpg,39
19792.jpg,51
19793.jpg,98
19794.jpg,18
19795.jpg,5
19796.jpg,33
19797.jpg,77
19798.jpg,77
19799.jpg,33
19800.jpg,18
19801.jpg,89
19802.jpg,26
19803.jpg,41
19804.jpg,8
19805.jpg,101
19806.jpg,26
19807.jpg,64
19808.jpg,54
19809.jpg,88
19810.jpg,7
19811.jpg,16
19812.jpg,43
19813.jpg,20
19814.jpg,88
19815.jpg,78
19816.jpg,83
19817.jpg,29
19818.jpg,54
19819.jpg,27
19820.jpg,29
19821.jpg,78
19822.jpg,73
19823.jpg,83
19824.jpg,11
19825.jpg,53
19826.jpg,28
19827.jpg,84
19828.jpg,11
19829.jpg,83
19830.jpg,73
19831.jpg,84
19832.jpg,14
19833.jpg,31
19834.jpg,73
19835.jpg,17
19836.jpg,34
19837.jpg,64
19838.jpg,96
19839.jpg,30
19840.jpg,44
19841.jpg,44
19842.jpg,30
19843.jpg,96
19844.jpg,36
19845.jpg,61
19846.jpg,56
19847.jpg,36
19848.jpg,71
19849.jpg,71
19850.jpg,99
19851.jpg,71
19852.jpg,99
19853.jpg,71
19854.jpg,61
19855.jpg,36
19856.jpg,56
19857.jpg,36
19858.jpg,44
19859.jpg,96
19860.jpg,30
19861.jpg,30
19862.jpg,96
19863.jpg,6
19864.jpg,44
19865.jpg,34
19866.jpg,64
19867.jpg,55
19868.jpg,73
19869.jpg,17
19870.jpg,73
19871.jpg,31
19872.jpg,1
19873.jpg,84
19874.jpg,14
19875.jpg,84
19876.jpg,73
19877.jpg,83
19878.jpg,11
19879.jpg,11
19880.jpg,83
19881.jpg,73
19882.jpg,28
19883.jpg,29
19884.jpg,78
19885.jpg,83
19886.jpg,78
19887.jpg,54
19888.jpg,29
19889.jpg,20
19890.jpg,88
19891.jpg,16
19892.jpg,88
19893.jpg,7
19894.jpg,54
19895.jpg,8
19896.jpg,26
19897.jpg,26
19898.jpg,101
19899.jpg,41
19900.jpg,89
19901.jpg,18
19902.jpg,77
19903.jpg,33
19904.jpg,77
19905.jpg,5
19906.jpg,18
19907.jpg,98
19908.jpg,74
19909.jpg,39
19910.jpg,51
19911.jpg,77
19912.jpg,98
19913.jpg,50
19914.jpg,51
19915.jpg,33
19916.jpg,77
19917.jpg,98
19918.jpg,18
19919.jpg,4
19920.jpg,18
19921.jpg,77
19922.jpg,101
19923.jpg,41
19924.jpg,44
19925.jpg,26
19926.jpg,55
19927.jpg,7
19928.jpg,88
19929.jpg,54
19930.jpg,43
19931.jpg,31
19932.jpg,16
19933.jpg,88
19934.jpg,20
19935.jpg,11
19936.jpg,78
19937.jpg,96
19938.jpg,29
19939.jpg,14
19940.jpg,79
19941.jpg,88
19942.jpg,78
19943.jpg,11
19944.jpg,83
19945.jpg,73
19946.jpg,53
19947.jpg,73
19948.jpg,83
19949.jpg,11
19950.jpg,14
19951.jpg,20
19952.jpg,48
19953.jpg,53
19954.jpg,84
19955.jpg,73
19956.jpg,17
19957.jpg,55
19958.jpg,88
19959.jpg,56
19960.jpg,30
19961.jpg,96
19962.jpg,44
19963.jpg,44
19964.jpg,6
19965.jpg,96
19966.jpg,30
19967.jpg,56
19968.jpg,61
19969.jpg,13
19970.jpg,36
19971.jpg,99
19972.jpg,50
19973.jpg,71
19974.jpg,71
19975.jpg,71
19976.jpg,99
19977.jpg,71
19978.jpg,50
19979.jpg,13
19980.jpg,36
19981.jpg,36
19982.jpg,56
19983.jpg,61
19984.jpg,6
19985.jpg,30
19986.jpg,96
19987.jpg,96
19988.jpg,30
19989.jpg,56
19990.jpg,44
19991.jpg,17
19992.jpg,32
19993.jpg,55
19994.jpg,73
19995.jpg,20
19996.jpg,14
19997.jpg,84
19998.jpg,53
19999.jpg,28
20000.jpg,53
20001.jpg,11
20002.jpg,41
20003.jpg,83
20004.jpg,73
20005.jpg,73
20006.jpg,83
20007.jpg,11
20008.jpg,88
20009.jpg,79
20010.jpg,29
20011.jpg,78
20012.jpg,78
20013.jpg,11
20014.jpg,29
20015.jpg,96
20016.jpg,88
20017.jpg,20
20018.jpg,43
20019.jpg,54
20020.jpg,7
20021.jpg,55
20022.jpg,44
20023.jpg,41
20024.jpg,26
20025.jpg,101
20026.jpg,89
20027.jpg,77
20028.jpg,18
20029.jpg,18
20030.jpg,98
20031.jpg,33
20032.jpg,77
20033.jpg,51
20034.jpg,4
20035.jpg,50
20036.jpg,98
20037.jpg,77
20038.jpg,51
20039.jpg,72
20040.jpg,58
20041.jpg,77
20042.jpg,81
20043.jpg,15
20044.jpg,77
20045.jpg,15
20046.jpg,77
20047.jpg,81
20048.jpg,58
20049.jpg,51
20050.jpg,72
20051.jpg,65
20052.jpg,2
20053.jpg,51
20054.jpg,89
20055.jpg,63
20056.jpg,89
20057.jpg,89
20058.jpg,86
20059.jpg,43
20060.jpg,76
20061.jpg,12
20062.jpg,76
20063.jpg,74
20064.jpg,19
20065.jpg,92
20066.jpg,43
20067.jpg,62
20068.jpg,87
20069.jpg,12
20070.jpg,74
20071.jpg,74
20072.jpg,87
20073.jpg,82
20074.jpg,62
20075.jpg,78
20076.jpg,47
20077.jpg,48
20078.jpg,80
20079.jpg,102
20080.jpg,48
20081.jpg,94
20082.jpg,95
20083.jpg,52
20084.jpg,94
20085.jpg,93
20086.jpg,17
20087.jpg,21
20088.jpg,70
20089.jpg,91
20090.jpg,80
20091.jpg,35
20092.jpg,36
20093.jpg,46
20094.jpg,100
20095.jpg,46
20096.jpg,81
20097.jpg,90
20098.jpg,23
20099.jpg,75
20100.jpg,81
20101.jpg,97
20102.jpg,60
20103.jpg,75
20104.jpg,23
20105.jpg,75
20106.jpg,99
20107.jpg,46
20108.jpg,68
20109.jpg,68
20110.jpg,46
20111.jpg,75
20112.jpg,99
20113.jpg,60
20114.jpg,97
20115.jpg,23
20116.jpg,75
20117.jpg,81
20118.jpg,81
20119.jpg,75
20120.jpg,23
20121.jpg,90
20122.jpg,46
20123.jpg,100
20124.jpg,46
20125.jpg,80
20126.jpg,35
20127.jpg,70
20128.jpg,21
20129.jpg,91
20130.jpg,17
20131.jpg,70
20132.jpg,52
20133.jpg,93
20134.jpg,94
20135.jpg,94
20136.jpg,95
20137.jpg,1
20138.jpg,48
20139.jpg,102
20140.jpg,80
20141.jpg,48
20142.jpg,47
20143.jpg,78
20144.jpg,74
20145.jpg,62
20146.jpg,82
20147.jpg,87
20148.jpg,87
20149.jpg,74
20150.jpg,12
20151.jpg,74
20152.jpg,76
20153.jpg,12
20154.jpg,87
20155.jpg,43
20156.jpg,92
20157.jpg,19
20158.jpg,43
20159.jpg,89
20160.jpg,89
20161.jpg,86
20162.jpg,89
20163.jpg,63
20164.jpg,51
20165.jpg,72
20166.jpg,51
20167.jpg,65
20168.jpg,15
20169.jpg,77
20170.jpg,58
20171.jpg,81
20172.jpg,77
20173.jpg,81
20174.jpg,77
20175.jpg,58
20176.jpg,72
20177.jpg,15
20178.jpg,77
20179.jpg,51
20180.jpg,81
20181.jpg,58
20182.jpg,77
20183.jpg,15
20184.jpg,58
20185.jpg,77
20186.jpg,81
20187.jpg,51
20188.jpg,65
20189.jpg,51
20190.jpg,72
20191.jpg,63
20192.jpg,89
20193.jpg,86
20194.jpg,89
20195.jpg,23
20196.jpg,43
20197.jpg,12
20198.jpg,76
20199.jpg,3
20200.jpg,76
20201.jpg,37
20202.jpg,43
20203.jpg,72
20204.jpg,87
20205.jpg,82
20206.jpg,62
20207.jpg,74
20208.jpg,74
20209.jpg,87
20210.jpg,78
20211.jpg,78
20212.jpg,47
20213.jpg,24
20214.jpg,94
20215.jpg,48
20216.jpg,1
20217.jpg,48
20218.jpg,80
20219.jpg,94
20220.jpg,95
20221.jpg,94
20222.jpg,17
20223.jpg,95
20224.jpg,65
20225.jpg,35
20226.jpg,46
20227.jpg,36
20228.jpg,46
20229.jpg,81
20230.jpg,23
20231.jpg,46
20232.jpg,81
20233.jpg,2
20234.jpg,82
20235.jpg,75
20236.jpg,75
20237.jpg,75
20238.jpg,99
20239.jpg,2
20240.jpg,75
20241.jpg,82
20242.jpg,23
20243.jpg,81
20244.jpg,46
20245.jpg,81
20246.jpg,46
20247.jpg,36
20248.jpg,46
20249.jpg,35
20250.jpg,95
20251.jpg,17
20252.jpg,65
20253.jpg,21
20254.jpg,95
20255.jpg,94
20256.jpg,94
20257.jpg,80
20258.jpg,48
20259.jpg,48
20260.jpg,94
20261.jpg,1
20262.jpg,47
20263.jpg,78
20264.jpg,78
20265.jpg,74
20266.jpg,87
20267.jpg,62
20268.jpg,82
20269.jpg,87
20270.jpg,85
20271.jpg,74
20272.jpg,37
20273.jpg,76
20274.jpg,43
20275.jpg,43
20276.jpg,19
20277.jpg,76
20278.jpg,12
20279.jpg,89
20280.jpg,86
20281.jpg,89
20282.jpg,63
20283.jpg,65
20284.jpg,72
20285.jpg,51
20286.jpg,51
20287.jpg,15
20288.jpg,81
20289.jpg,77
20290.jpg,58
20291.jpg,58
20292.jpg,81
20293.jpg,51
20294.jpg,77
20295.jpg,15
20296.jpg,77
20297.jpg,51
20298.jpg,51
20299.jpg,72
20300.jpg,65
20301.jpg,77
20302.jpg,15
20303.jpg,77
20304.jpg,81
20305.jpg,58
20306.jpg,58
20307.jpg,51
20308.jpg,77
20309.jpg,81
20310.jpg,89
20311.jpg,86
20312.jpg,86
20313.jpg,89
20314.jpg,9
20315.jpg,10
20316.jpg,63
20317.jpg,74
20318.jpg,87
20319.jpg,82
20320.jpg,62
20321.jpg,82
20322.jpg,85
20323.jpg,43
20324.jpg,7
20325.jpg,74
20326.jpg,51
20327.jpg,37
20328.jpg,19
20329.jpg,43
20330.jpg,43
20331.jpg,24
20332.jpg,47
20333.jpg,78
20334.jpg,21
20335.jpg,95
20336.jpg,94
20337.jpg,95
20338.jpg,48
20339.jpg,80
20340.jpg,94
20341.jpg,35
20342.jpg,65
20343.jpg,17
20344.jpg,46
20345.jpg,81
20346.jpg,81
20347.jpg,23
20348.jpg,46
20349.jpg,46
20350.jpg,100
20351.jpg,75
20352.jpg,99
20353.jpg,2
20354.jpg,75
20355.jpg,82
20356.jpg,2
20357.jpg,82
20358.jpg,75
20359.jpg,75
20360.jpg,99
20361.jpg,100
20362.jpg,46
20363.jpg,46
20364.jpg,81
20365.jpg,49
20366.jpg,23
20367.jpg,81
20368.jpg,46
20369.jpg,17
20370.jpg,17
20371.jpg,65
20372.jpg,35
20373.jpg,94
20374.jpg,80
20375.jpg,48
20376.jpg,94
20377.jpg,95
20378.jpg,89
20379.jpg,95
20380.jpg,21
20381.jpg,78
20382.jpg,24
20383.jpg,47
20384.jpg,43
20385.jpg,37
20386.jpg,22
20387.jpg,76
20388.jpg,89
20389.jpg,57
20390.jpg,19
20391.jpg,43
20392.jpg,85
20393.jpg,74
20394.jpg,3
20395.jpg,74
20396.jpg,62
20397.jpg,82
20398.jpg,87
20399.jpg,63
20400.jpg,10
20401.jpg,9
20402.jpg,89
20403.jpg,86
20404.jpg,86
20405.jpg,89
20406.jpg,81
20407.jpg,77
20408.jpg,51
20409.jpg,58
20410.jpg,40
20411.jpg,15
20412.jpg,77
20413.jpg,58
20414.jpg,81
20415.jpg,77
20416.jpg,72
20417.jpg,51
20418.jpg,65
20419.jpg,51
20420.jpg,40
20421.jpg,72
20422.jpg,51
20423.jpg,58
20424.jpg,77
20425.jpg,81
20426.jpg,77
20427.jpg,81
20428.jpg,72
20429.jpg,58
20430.jpg,77
20431.jpg,67
20432.jpg,15
20433.jpg,86
20434.jpg,89
20435.jpg,89
20436.jpg,86
20437.jpg,63
20438.jpg,42
20439.jpg,89
20440.jpg,9
20441.jpg,74
20442.jpg,87
20443.jpg,82
20444.jpg,62
20445.jpg,74
20446.jpg,76
20447.jpg,74
20448.jpg,92
20449.jpg,43
20450.jpg,19
20451.jpg,43
20452.jpg,76
20453.jpg,47
20454.jpg,24
20455.jpg,78
20456.jpg,47
20457.jpg,85
20458.jpg,49
20459.jpg,95
20460.jpg,94
20461.jpg,80
20462.jpg,93
20463.jpg,66
20464.jpg,48
20465.jpg,35
20466.jpg,80
20467.jpg,17
20468.jpg,91
20469.jpg,23
20470.jpg,81
20471.jpg,25
20472.jpg,81
20473.jpg,90
20474.jpg,75
20475.jpg,45
20476.jpg,46
20477.jpg,100
20478.jpg,46
20479.jpg,75
20480.jpg,60
20481.jpg,99
20482.jpg,97
20483.jpg,75
20484.jpg,97
20485.jpg,99
20486.jpg,60
20487.jpg,75
20488.jpg,75
20489.jpg,46
20490.jpg,45
20491.jpg,100
20492.jpg,46
20493.jpg,81
20494.jpg,25
20495.jpg,75
20496.jpg,90
20497.jpg,23
20498.jpg,81
20499.jpg,17
20500.jpg,91
20501.jpg,80
20502.jpg,35
20503.jpg,48
20504.jpg,66
20505.jpg,80
20506.jpg,94
20507.jpg,95
20508.jpg,95
20509.jpg,52
20510.jpg,94
20511.jpg,47
20512.jpg,78
20513.jpg,47
20514.jpg,24
20515.jpg,43
20516.jpg,19
20517.jpg,12
20518.jpg,76
20519.jpg,74
20520.jpg,43
20521.jpg,92
20522.jpg,62
20523.jpg,82
20524.jpg,87
20525.jpg,76
20526.jpg,74
20527.jpg,74
20528.jpg,89
20529.jpg,9
20530.jpg,42
20531.jpg,63
20532.jpg,86
20533.jpg,89
20534.jpg,89
20535.jpg,86
20536.jpg,58
20537.jpg,72
20538.jpg,81
20539.jpg,77
20540.jpg,67
20541.jpg,77
20542.jpg,81
20543.jpg,77
20544.jpg,58
20545.jpg,51
20546.jpg,40
20547.jpg,72
20548.jpg,51
